int_down,pay_freq,year,payment,amount,total_payment,balance,loan_paid_to_date,,
25,yearly,2020,principal,5051.59,25550.51,369948.41,1.35%,,
25,yearly,2021,principal,5336.53,25550.51,364611.88,2.77%,,
25,yearly,2022,principal,5637.56,25550.51,358974.32,4.27%,,
25,yearly,2023,principal,5955.56,25550.51,353018.76,5.86%,,
25,yearly,2024,principal,6291.50,25550.51,346727.26,7.54%,,
25,yearly,2025,principal,6646.39,25550.51,340080.87,9.31%,,
25,yearly,2026,principal,7021.30,25550.51,333059.57,11.18%,,
25,yearly,2027,principal,7417.36,25550.51,325642.22,13.16%,,
25,yearly,2028,principal,7835.75,25550.51,317806.47,15.25%,,
25,yearly,2029,principal,8277.75,25550.51,309528.72,17.46%,,
25,yearly,2030,principal,8744.68,25550.51,300784.04,19.79%,,
25,yearly,2031,principal,9237.95,25550.51,291546.09,22.25%,,
25,yearly,2032,principal,9759.04,25550.51,281787.04,24.86%,,
25,yearly,2033,principal,10309.53,25550.51,271477.52,27.61%,,
25,yearly,2034,principal,10891.07,25550.51,260586.45,30.51%,,
25,yearly,2035,principal,11505.41,25550.51,249081.04,33.58%,,
25,yearly,2036,principal,12154.40,25550.51,236926.63,36.82%,,
25,yearly,2037,principal,12840.01,25550.51,224086.63,40.24%,,
25,yearly,2038,principal,13564.29,25550.51,210522.34,43.86%,,
25,yearly,2039,principal,14329.42,25550.51,196192.92,47.68%,,
25,yearly,2040,principal,15137.71,25550.51,181055.21,51.72%,,
25,yearly,2041,principal,15991.60,25550.51,165063.62,55.98%,,
25,yearly,2042,principal,16893.65,25550.51,148169.97,60.49%,,
25,yearly,2043,principal,17846.58,25550.51,130323.39,65.25%,,
25,yearly,2044,principal,18853.27,25550.51,111470.12,70.27%,,
25,yearly,2045,principal,19916.74,25550.51,91553.37,75.59%,,
25,yearly,2046,principal,21040.20,25550.51,70513.17,81.20%,,
25,yearly,2047,principal,22227.04,25550.51,48286.13,87.12%,,
25,yearly,2048,principal,23480.82,25550.51,24805.32,93.39%,,
25,yearly,2049,principal,24805.32,25550.51,0.00,100.00%,,
25,yearly,2020,interest,20498.92,25550.51,369948.41,1.35%,,
25,yearly,2021,interest,20213.97,25550.51,364611.88,2.77%,,
25,yearly,2022,interest,19912.95,25550.51,358974.32,4.27%,,
25,yearly,2023,interest,19594.95,25550.51,353018.76,5.86%,,
25,yearly,2024,interest,19259.01,25550.51,346727.26,7.54%,,
25,yearly,2025,interest,18904.11,25550.51,340080.87,9.31%,,
25,yearly,2026,interest,18529.21,25550.51,333059.57,11.18%,,
25,yearly,2027,interest,18133.15,25550.51,325642.22,13.16%,,
25,yearly,2028,interest,17714.75,25550.51,317806.47,15.25%,,
25,yearly,2029,interest,17272.75,25550.51,309528.72,17.46%,,
25,yearly,2030,interest,16805.82,25550.51,300784.04,19.79%,,
25,yearly,2031,interest,16312.56,25550.51,291546.09,22.25%,,
25,yearly,2032,interest,15791.46,25550.51,281787.04,24.86%,,
25,yearly,2033,interest,15240.98,25550.51,271477.52,27.61%,,
25,yearly,2034,interest,14659.44,25550.51,260586.45,30.51%,,
25,yearly,2035,interest,14045.10,25550.51,249081.04,33.58%,,
25,yearly,2036,interest,13396.10,25550.51,236926.63,36.82%,,
25,yearly,2037,interest,12710.50,25550.51,224086.63,40.24%,,
25,yearly,2038,interest,11986.22,25550.51,210522.34,43.86%,,
25,yearly,2039,interest,11221.09,25550.51,196192.92,47.68%,,
25,yearly,2040,interest,10412.79,25550.51,181055.21,51.72%,,
25,yearly,2041,interest,9558.91,25550.51,165063.62,55.98%,,
25,yearly,2042,interest,8656.86,25550.51,148169.97,60.49%,,
25,yearly,2043,interest,7703.92,25550.51,130323.39,65.25%,,
25,yearly,2044,interest,6697.24,25550.51,111470.12,70.27%,,
25,yearly,2045,interest,5633.76,25550.51,91553.37,75.59%,,
25,yearly,2046,interest,4510.30,25550.51,70513.17,81.20%,,
25,yearly,2047,interest,3323.47,25550.51,48286.13,87.12%,,
25,yearly,2048,interest,2069.69,25550.51,24805.32,93.39%,,
25,yearly,2049,interest,745.19,25550.51,0.00,100.00%,,
25,biweekly,2020,principal,7531.11,28744.32,367468.89,2.01%,,
25,biweekly,2021,principal,7669.80,27679.71,359799.08,4.05%,,
25,biweekly,2022,principal,8102.99,27679.71,351696.10,6.21%,,
25,biweekly,2023,principal,8560.64,27679.71,343135.46,8.50%,,
25,biweekly,2024,principal,9044.14,27679.71,334091.32,10.91%,,
25,biweekly,2025,principal,9554.94,27679.71,324536.37,13.46%,,
25,biweekly,2026,principal,10094.60,27679.71,314441.78,16.15%,,
25,biweekly,2027,principal,10664.73,27679.71,303777.04,18.99%,,
25,biweekly,2028,principal,11267.07,27679.71,292509.97,22.00%,,
25,biweekly,2029,principal,11903.43,27679.71,280606.54,25.17%,,
25,biweekly,2030,principal,12575.72,27679.71,268030.82,28.53%,,
25,biweekly,2031,principal,13811.71,28744.32,254219.11,32.21%,,
25,biweekly,2032,principal,14066.07,27679.71,240153.04,35.96%,,
25,biweekly,2033,principal,14860.51,27679.71,225292.54,39.92%,,
25,biweekly,2034,principal,15699.82,27679.71,209592.72,44.11%,,
25,biweekly,2035,principal,16586.53,27679.71,193006.19,48.53%,,
25,biweekly,2036,principal,17523.32,27679.71,175482.87,53.20%,,
25,biweekly,2037,principal,18513.03,27679.71,156969.84,58.14%,,
25,biweekly,2038,principal,19558.63,27679.71,137411.21,63.36%,,
25,biweekly,2039,principal,20663.29,27679.71,116747.92,68.87%,,
25,biweekly,2040,principal,21830.33,27679.71,94917.59,74.69%,,
25,biweekly,2041,principal,23063.29,27679.71,71854.29,80.84%,,
25,biweekly,2042,principal,25330.04,28744.32,46524.25,87.59%,,
25,biweekly,2043,principal,25796.51,27679.71,20727.74,94.47%,,
25,biweekly,2044,principal,20727.74,21189.16,0.00,100.00%,,
25,biweekly,2020,interest,21213.21,28744.32,367468.89,2.01%,,
25,biweekly,2021,interest,20009.91,27679.71,359799.08,4.05%,,
25,biweekly,2022,interest,19576.73,27679.71,351696.10,6.21%,,
25,biweekly,2023,interest,19119.07,27679.71,343135.46,8.50%,,
25,biweekly,2024,interest,18635.58,27679.71,334091.32,10.91%,,
25,biweekly,2025,interest,18124.77,27679.71,324536.37,13.46%,,
25,biweekly,2026,interest,17585.11,27679.71,314441.78,16.15%,,
25,biweekly,2027,interest,17014.98,27679.71,303777.04,18.99%,,
25,biweekly,2028,interest,16412.64,27679.71,292509.97,22.00%,,
25,biweekly,2029,interest,15776.29,27679.71,280606.54,25.17%,,
25,biweekly,2030,interest,15103.99,27679.71,268030.82,28.53%,,
25,biweekly,2031,interest,14932.61,28744.32,254219.11,32.21%,,
25,biweekly,2032,interest,13613.65,27679.71,240153.04,35.96%,,
25,biweekly,2033,interest,12819.21,27679.71,225292.54,39.92%,,
25,biweekly,2034,interest,11979.90,27679.71,209592.72,44.11%,,
25,biweekly,2035,interest,11093.18,27679.71,193006.19,48.53%,,
25,biweekly,2036,interest,10156.39,27679.71,175482.87,53.20%,,
25,biweekly,2037,interest,9166.69,27679.71,156969.84,58.14%,,
25,biweekly,2038,interest,8121.08,27679.71,137411.21,63.36%,,
25,biweekly,2039,interest,7016.43,27679.71,116747.92,68.87%,,
25,biweekly,2040,interest,5849.38,27679.71,94917.59,74.69%,,
25,biweekly,2041,interest,4616.42,27679.71,71854.29,80.84%,,
25,biweekly,2042,interest,3414.28,28744.32,46524.25,87.59%,,
25,biweekly,2043,interest,1883.20,27679.71,20727.74,94.47%,,
25,biweekly,2044,interest,461.42,21189.16,0.00,100.00%,,
20,yearly,2020,principal,5388.36,27253.87,394611.64,1.35%,,
20,yearly,2021,principal,5692.30,27253.87,388919.34,2.77%,,
20,yearly,2022,principal,6013.39,27253.87,382905.94,4.27%,,
20,yearly,2023,principal,6352.60,27253.87,376553.35,5.86%,,
20,yearly,2024,principal,6710.93,27253.87,369842.41,7.54%,,
20,yearly,2025,principal,7089.48,27253.87,362752.93,9.31%,,
20,yearly,2026,principal,7489.39,27253.87,355263.55,11.18%,,
20,yearly,2027,principal,7911.85,27253.87,347351.70,13.16%,,
20,yearly,2028,principal,8358.14,27253.87,338993.56,15.25%,,
20,yearly,2029,principal,8829.60,27253.87,330163.96,17.46%,,
20,yearly,2030,principal,9327.66,27253.87,320836.31,19.79%,,
20,yearly,2031,principal,9853.81,27253.87,310982.49,22.25%,,
20,yearly,2032,principal,10409.64,27253.87,300572.85,24.86%,,
20,yearly,2033,principal,10996.83,27253.87,289576.02,27.61%,,
20,yearly,2034,principal,11617.14,27253.87,277958.88,30.51%,,
20,yearly,2035,principal,12272.44,27253.87,265686.44,33.58%,,
20,yearly,2036,principal,12964.70,27253.87,252721.74,36.82%,,
20,yearly,2037,principal,13696.01,27253.87,239025.73,40.24%,,
20,yearly,2038,principal,14468.57,27253.87,224557.16,43.86%,,
20,yearly,2039,principal,15284.71,27253.87,209272.45,47.68%,,
20,yearly,2040,principal,16146.89,27253.87,193125.56,51.72%,,
20,yearly,2041,principal,17057.70,27253.87,176067.86,55.98%,,
20,yearly,2042,principal,18019.89,27253.87,158047.97,60.49%,,
20,yearly,2043,principal,19036.35,27253.87,139011.61,65.25%,,
20,yearly,2044,principal,20110.15,27253.87,118901.46,70.27%,,
20,yearly,2045,principal,21244.53,27253.87,97656.93,75.59%,,
20,yearly,2046,principal,22442.88,27253.87,75214.05,81.20%,,
20,yearly,2047,principal,23708.84,27253.87,51505.21,87.12%,,
20,yearly,2048,principal,25046.20,27253.87,26459.01,93.39%,,
20,yearly,2049,principal,26459.01,27253.87,0.00,100.00%,,
20,yearly,2020,interest,21865.51,27253.87,394611.64,1.35%,,
20,yearly,2021,interest,21561.57,27253.87,388919.34,2.77%,,
20,yearly,2022,interest,21240.48,27253.87,382905.94,4.27%,,
20,yearly,2023,interest,20901.28,27253.87,376553.35,5.86%,,
20,yearly,2024,interest,20542.94,27253.87,369842.41,7.54%,,
20,yearly,2025,interest,20164.39,27253.87,362752.93,9.31%,,
20,yearly,2026,interest,19764.49,27253.87,355263.55,11.18%,,
20,yearly,2027,interest,19342.03,27253.87,347351.70,13.16%,,
20,yearly,2028,interest,18895.74,27253.87,338993.56,15.25%,,
20,yearly,2029,interest,18424.27,27253.87,330163.96,17.46%,,
20,yearly,2030,interest,17926.21,27253.87,320836.31,19.79%,,
20,yearly,2031,interest,17400.06,27253.87,310982.49,22.25%,,
20,yearly,2032,interest,16844.23,27253.87,300572.85,24.86%,,
20,yearly,2033,interest,16257.04,27253.87,289576.02,27.61%,,
20,yearly,2034,interest,15636.73,27253.87,277958.88,30.51%,,
20,yearly,2035,interest,14981.44,27253.87,265686.44,33.58%,,
20,yearly,2036,interest,14289.17,27253.87,252721.74,36.82%,,
20,yearly,2037,interest,13557.86,27253.87,239025.73,40.24%,,
20,yearly,2038,interest,12785.30,27253.87,224557.16,43.86%,,
20,yearly,2039,interest,11969.16,27253.87,209272.45,47.68%,,
20,yearly,2040,interest,11106.98,27253.87,193125.56,51.72%,,
20,yearly,2041,interest,10196.17,27253.87,176067.86,55.98%,,
20,yearly,2042,interest,9233.98,27253.87,158047.97,60.49%,,
20,yearly,2043,interest,8217.52,27253.87,139011.61,65.25%,,
20,yearly,2044,interest,7143.72,27253.87,118901.46,70.27%,,
20,yearly,2045,interest,6009.35,27253.87,97656.93,75.59%,,
20,yearly,2046,interest,4810.99,27253.87,75214.05,81.20%,,
20,yearly,2047,interest,3545.03,27253.87,51505.21,87.12%,,
20,yearly,2048,interest,2207.67,27253.87,26459.01,93.39%,,
20,yearly,2049,interest,794.87,27253.87,0.00,100.00%,,
20,biweekly,2020,principal,8033.19,30660.61,391966.81,2.01%,,
20,biweekly,2021,principal,8181.12,29525.03,383785.69,4.05%,,
20,biweekly,2022,principal,8643.19,29525.03,375142.50,6.21%,,
20,biweekly,2023,principal,9131.35,29525.03,366011.15,8.50%,,
20,biweekly,2024,principal,9647.08,29525.03,356364.07,10.91%,,
20,biweekly,2025,principal,10191.94,29525.03,346172.13,13.46%,,
20,biweekly,2026,principal,10767.57,29525.03,335404.56,16.15%,,
20,biweekly,2027,principal,11375.72,29525.03,324028.84,18.99%,,
20,biweekly,2028,principal,12018.21,29525.03,312010.63,22.00%,,
20,biweekly,2029,principal,12696.99,29525.03,299313.65,25.17%,,
20,biweekly,2030,principal,13414.10,29525.03,285899.54,28.53%,,
20,biweekly,2031,principal,14732.49,30660.61,271167.05,32.21%,,
20,biweekly,2032,principal,15003.80,29525.03,256163.25,35.96%,,
20,biweekly,2033,principal,15851.21,29525.03,240312.04,39.92%,,
20,biweekly,2034,principal,16746.47,29525.03,223565.57,44.11%,,
20,biweekly,2035,principal,17692.30,29525.03,205873.27,48.53%,,
20,biweekly,2036,principal,18691.55,29525.03,187181.72,53.20%,,
20,biweekly,2037,principal,19747.23,29525.03,167434.49,58.14%,,
20,biweekly,2038,principal,20862.54,29525.03,146571.95,63.36%,,
20,biweekly,2039,principal,22040.84,29525.03,124531.11,68.87%,,
20,biweekly,2040,principal,23285.69,29525.03,101245.42,74.69%,,
20,biweekly,2041,principal,24600.85,29525.03,76644.58,80.84%,,
20,biweekly,2042,principal,27018.71,30660.61,49625.87,87.59%,,
20,biweekly,2043,principal,27516.28,29525.03,22109.59,94.47%,,
20,biweekly,2044,principal,22109.59,22601.77,0.00,100.00%,,
20,biweekly,2020,interest,22627.42,30660.61,391966.81,2.01%,,
20,biweekly,2021,interest,21343.90,29525.03,383785.69,4.05%,,
20,biweekly,2022,interest,20881.84,29525.03,375142.50,6.21%,,
20,biweekly,2023,interest,20393.68,29525.03,366011.15,8.50%,,
20,biweekly,2024,interest,19877.95,29525.03,356364.07,10.91%,,
20,biweekly,2025,interest,19333.09,29525.03,346172.13,13.46%,,
20,biweekly,2026,interest,18757.46,29525.03,335404.56,16.15%,,
20,biweekly,2027,interest,18149.31,29525.03,324028.84,18.99%,,
20,biweekly,2028,interest,17506.82,29525.03,312010.63,22.00%,,
20,biweekly,2029,interest,16828.04,29525.03,299313.65,25.17%,,
20,biweekly,2030,interest,16110.92,29525.03,285899.54,28.53%,,
20,biweekly,2031,interest,15928.11,30660.61,271167.05,32.21%,,
20,biweekly,2032,interest,14521.22,29525.03,256163.25,35.96%,,
20,biweekly,2033,interest,13673.82,29525.03,240312.04,39.92%,,
20,biweekly,2034,interest,12778.56,29525.03,223565.57,44.11%,,
20,biweekly,2035,interest,11832.73,29525.03,205873.27,48.53%,,
20,biweekly,2036,interest,10833.48,29525.03,187181.72,53.20%,,
20,biweekly,2037,interest,9777.80,29525.03,167434.49,58.14%,,
20,biweekly,2038,interest,8662.49,29525.03,146571.95,63.36%,,
20,biweekly,2039,interest,7484.19,29525.03,124531.11,68.87%,,
20,biweekly,2040,interest,6239.34,29525.03,101245.42,74.69%,,
20,biweekly,2041,interest,4924.18,29525.03,76644.58,80.84%,,
20,biweekly,2042,interest,3641.90,30660.61,49625.87,87.59%,,
20,biweekly,2043,interest,2008.75,29525.03,22109.59,94.47%,,
20,biweekly,2044,interest,492.18,22601.77,0.00,100.00%,,
15,yearly,2020,principal,5725.13,30550.99,419274.87,1.35%,,
15,yearly,2021,principal,6048.07,30550.99,413226.80,2.77%,,
15,yearly,2022,principal,6389.23,30550.99,406837.57,4.27%,,
15,yearly,2023,principal,6749.63,30550.99,400087.93,5.86%,,
15,yearly,2024,principal,7130.37,29090.05,392957.56,7.54%,,
15,yearly,2025,principal,7532.58,28957.24,385424.99,9.31%,,
15,yearly,2026,principal,7957.47,28957.24,377467.52,11.18%,,
15,yearly,2027,principal,8406.34,28957.24,369061.18,13.16%,,
15,yearly,2028,principal,8880.52,28957.24,360180.66,15.25%,,
15,yearly,2029,principal,9381.45,28957.24,350799.21,17.46%,,
15,yearly,2030,principal,9910.64,28957.24,340888.57,19.79%,,
15,yearly,2031,principal,10469.68,28957.24,330418.90,22.25%,,
15,yearly,2032,principal,11060.25,28957.24,319358.65,24.86%,,
15,yearly,2033,principal,11684.13,28957.24,307674.52,27.61%,,
15,yearly,2034,principal,12343.21,28957.24,295331.31,30.51%,,
15,yearly,2035,principal,13039.46,28957.24,282291.84,33.58%,,
15,yearly,2036,principal,13774.99,28957.24,268516.85,36.82%,,
15,yearly,2037,principal,14552.01,28957.24,253964.84,40.24%,,
15,yearly,2038,principal,15372.86,28957.24,238591.99,43.86%,,
15,yearly,2039,principal,16240.01,28957.24,222351.98,47.68%,,
15,yearly,2040,principal,17156.07,28957.24,205195.91,51.72%,,
15,yearly,2041,principal,18123.81,28957.24,187072.10,55.98%,,
15,yearly,2042,principal,19146.13,28957.24,167925.96,60.49%,,
15,yearly,2043,principal,20226.13,28957.24,147699.84,65.25%,,
15,yearly,2044,principal,21367.04,28957.24,126332.80,70.27%,,
15,yearly,2045,principal,22572.31,28957.24,103760.49,75.59%,,
15,yearly,2046,principal,23845.56,28957.24,79914.93,81.20%,,
15,yearly,2047,principal,25190.64,28957.24,54724.29,87.12%,,
15,yearly,2048,principal,26611.59,28957.24,28112.69,93.39%,,
15,yearly,2049,principal,28112.69,28957.24,0.00,100.00%,,
15,yearly,2020,interest,23232.11,30550.99,419274.87,1.35%,,
15,yearly,2021,interest,22909.17,30550.99,413226.80,2.77%,,
15,yearly,2022,interest,22568.01,30550.99,406837.57,4.27%,,
15,yearly,2023,interest,22207.60,30550.99,400087.93,5.86%,,
15,yearly,2024,interest,21826.87,29090.05,392957.56,7.54%,,
15,yearly,2025,interest,21424.66,28957.24,385424.99,9.31%,,
15,yearly,2026,interest,20999.77,28957.24,377467.52,11.18%,,
15,yearly,2027,interest,20550.90,28957.24,369061.18,13.16%,,
15,yearly,2028,interest,20076.72,28957.24,360180.66,15.25%,,
15,yearly,2029,interest,19575.79,28957.24,350799.21,17.46%,,
15,yearly,2030,interest,19046.60,28957.24,340888.57,19.79%,,
15,yearly,2031,interest,18487.56,28957.24,330418.90,22.25%,,
15,yearly,2032,interest,17896.99,28957.24,319358.65,24.86%,,
15,yearly,2033,interest,17273.11,28957.24,307674.52,27.61%,,
15,yearly,2034,interest,16614.03,28957.24,295331.31,30.51%,,
15,yearly,2035,interest,15917.78,28957.24,282291.84,33.58%,,
15,yearly,2036,interest,15182.25,28957.24,268516.85,36.82%,,
15,yearly,2037,interest,14405.23,28957.24,253964.84,40.24%,,
15,yearly,2038,interest,13584.38,28957.24,238591.99,43.86%,,
15,yearly,2039,interest,12717.23,28957.24,222351.98,47.68%,,
15,yearly,2040,interest,11801.17,28957.24,205195.91,51.72%,,
15,yearly,2041,interest,10833.43,28957.24,187072.10,55.98%,,
15,yearly,2042,interest,9811.10,28957.24,167925.96,60.49%,,
15,yearly,2043,interest,8731.11,28957.24,147699.84,65.25%,,
15,yearly,2044,interest,7590.20,28957.24,126332.80,70.27%,,
15,yearly,2045,interest,6384.93,28957.24,103760.49,75.59%,,
15,yearly,2046,interest,5111.68,28957.24,79914.93,81.20%,,
15,yearly,2047,interest,3766.60,28957.24,54724.29,87.12%,,
15,yearly,2048,interest,2345.65,28957.24,28112.69,93.39%,,
15,yearly,2049,interest,844.55,28957.24,0.00,100.00%,,
15,biweekly,2020,principal,8535.26,34170.64,416464.74,2.01%,,
15,biweekly,2021,principal,8692.44,32964.09,407772.29,4.05%,,
15,biweekly,2022,principal,9183.39,32780.20,398588.91,6.21%,,
15,biweekly,2023,principal,9702.06,31370.34,388886.85,8.50%,,
15,biweekly,2024,principal,10250.02,31370.34,378636.83,10.91%,,
15,biweekly,2025,principal,10828.94,31370.34,367807.89,13.46%,,
15,biweekly,2026,principal,11440.55,31370.34,356367.35,16.15%,,
15,biweekly,2027,principal,12086.70,31370.34,344280.65,18.99%,,
15,biweekly,2028,principal,12769.35,31370.34,331511.30,22.00%,,
15,biweekly,2029,principal,13490.55,31370.34,318020.75,25.17%,,
15,biweekly,2030,principal,14252.49,31370.34,303768.26,28.53%,,
15,biweekly,2031,principal,15653.27,32576.89,288114.99,32.21%,,
15,biweekly,2032,principal,15941.54,31370.34,272173.45,35.96%,,
15,biweekly,2033,principal,16841.91,31370.34,255331.54,39.92%,,
15,biweekly,2034,principal,17793.13,31370.34,237538.42,44.11%,,
15,biweekly,2035,principal,18798.07,31370.34,218740.35,48.53%,,
15,biweekly,2036,principal,19859.77,31370.34,198880.58,53.20%,,
15,biweekly,2037,principal,20981.43,31370.34,177899.15,58.14%,,
15,biweekly,2038,principal,22166.45,31370.34,155732.70,63.36%,,
15,biweekly,2039,principal,23418.39,31370.34,132314.31,68.87%,,
15,biweekly,2040,principal,24741.05,31370.34,107573.26,74.69%,,
15,biweekly,2041,principal,26138.40,31370.34,81434.86,80.84%,,
15,biweekly,2042,principal,28707.38,32576.89,52727.48,87.59%,,
15,biweekly,2043,principal,29236.05,31370.34,23491.44,94.47%,,
15,biweekly,2044,principal,23491.44,24014.38,0.00,100.00%,,
15,biweekly,2020,interest,24041.63,34170.64,416464.74,2.01%,,
15,biweekly,2021,interest,22677.90,32964.09,407772.29,4.05%,,
15,biweekly,2022,interest,22186.96,32780.20,398588.91,6.21%,,
15,biweekly,2023,interest,21668.28,31370.34,388886.85,8.50%,,
15,biweekly,2024,interest,21120.32,31370.34,378636.83,10.91%,,
15,biweekly,2025,interest,20541.41,31370.34,367807.89,13.46%,,
15,biweekly,2026,interest,19929.80,31370.34,356367.35,16.15%,,
15,biweekly,2027,interest,19283.64,31370.34,344280.65,18.99%,,
15,biweekly,2028,interest,18601.00,31370.34,331511.30,22.00%,,
15,biweekly,2029,interest,17879.79,31370.34,318020.75,25.17%,,
15,biweekly,2030,interest,17117.86,31370.34,303768.26,28.53%,,
15,biweekly,2031,interest,16923.62,32576.89,288114.99,32.21%,,
15,biweekly,2032,interest,15428.80,31370.34,272173.45,35.96%,,
15,biweekly,2033,interest,14528.44,31370.34,255331.54,39.92%,,
15,biweekly,2034,interest,13577.22,31370.34,237538.42,44.11%,,
15,biweekly,2035,interest,12572.28,31370.34,218740.35,48.53%,,
15,biweekly,2036,interest,11510.57,31370.34,198880.58,53.20%,,
15,biweekly,2037,interest,10388.91,31370.34,177899.15,58.14%,,
15,biweekly,2038,interest,9203.89,31370.34,155732.70,63.36%,,
15,biweekly,2039,interest,7951.95,31370.34,132314.31,68.87%,,
15,biweekly,2040,interest,6629.30,31370.34,107573.26,74.69%,,
15,biweekly,2041,interest,5231.94,31370.34,81434.86,80.84%,,
15,biweekly,2042,interest,3869.52,32576.89,52727.48,87.59%,,
15,biweekly,2043,interest,2134.29,31370.34,23491.44,94.47%,,
15,biweekly,2044,interest,522.95,24014.38,0.00,100.00%,,